{"cameraMode":{"drawMode":0,"name":"Shaded","section":"Shading Mode"},"sceneLighting":false,"audioPlay":false,"sceneViewState":{"showFog":false,"showMaterialUpdate":false,"showSkybox":false,"showFlares":false,"showImageEffects":false,"showParticleSystems":false},"in2DMode":false,"pivot":{"x":1.9900000095367432,"y":1.1100000143051148,"z":0.14999999105930329},"rotation":{"x":0.1414196789264679,"y":0.0059396643191576,"z":-0.0008485253201797605,"w":0.9899317622184753},"size":1.6201770305633546,"orthographic":false}